{"cameraMode":{"drawMode":0,"name":"Shaded","section":"Shading Mode"},"sceneLighting":true,"audioPlay":false,"sceneViewState":{"m_AlwaysRefresh":false,"showFog":true,"showSkybox":true,"showFlares":true,"showImageEffects":true,"showParticleSystems":true,"showVisualEffectGraphs":true,"m_FxEnabled":true},"in2DMode":false,"pivot":{"x":-2.2606897354125978,"y":0.463644415140152,"z":-0.3004568815231323},"rotation":{"x":0.07506118714809418,"y":-0.7872417569160461,"z":0.09780172258615494,"w":0.6041966676712036},"size":0.5237526297569275,"orthographic":false}