{"cameraMode":{"drawMode":0,"name":"Shaded","section":"Shading Mode"},"sceneLighting":true,"audioPlay":false,"sceneViewState":{"m_AlwaysRefresh":false,"showFog":true,"showSkybox":true,"showFlares":true,"showImageEffects":true,"showParticleSystems":true,"showVisualEffectGraphs":true,"m_FxEnabled":true},"in2DMode":false,"pivot":{"x":0.02988157421350479,"y":1.0907400846481324,"z":-0.0019175410270690919},"rotation":{"x":0.20668022334575654,"y":-0.32995665073394778,"z":0.07417372614145279,"w":0.9180821776390076},"size":0.2827589809894562,"orthographic":true}