{"cameraMode":{"drawMode":0,"name":"Shaded","section":"Shading Mode"},"sceneLighting":true,"audioPlay":false,"sceneViewState":{"m_AlwaysRefresh":false,"showFog":true,"showSkybox":true,"showFlares":true,"showImageEffects":true,"showParticleSystems":true,"showVisualEffectGraphs":true,"m_FxEnabled":true},"in2DMode":false,"pivot":{"x":-1.8500884771347047,"y":0.6107480525970459,"z":0.9314554333686829},"rotation":{"x":0.236825093626976,"y":-0.7566127181053162,"z":0.48432478308677676,"w":0.3699749708175659},"size":0.07237893342971802,"orthographic":false}